instant,cnt
13904,328.5328532574151
13905,339.57627236672096
13906,355.3449638690954
13907,352.89442955577596
13908,328.9491423622762
13909,348.1000886843817
13910,348.2467358129762
13911,350.0128135718131
13912,343.40441274046736
13913,337.8223206009344
13914,353.844463749384
13915,349.16925617316406
13916,167.1651481502741
13917,190.95250545322136
13918,181.66257344905446
13919,188.91128609844466
13920,196.15999874783483
13921,187.0557321112098
13922,210.84308941415708
13923,218.09180206354728
13924,259.30631978847816
13925,275.2963365721307
13926,317.09452226343507
13927,319.86535409821954
13928,327.11406674760974
13929,334.36277939699994
13930,350.07045230450973
13931,375.2940917345321
13932,370.6285998747763
13933,371.00936049409506
13934,366.1779911996023
13935,360.5379730086059
13936,358.69074617805353
13937,362.95531636350324
13938,355.0993913160255
13939,366.83380187639557
13940,199.8667830600234
13941,188.58631133409955
13942,185.9049777170264
13943,186.74261629668516
13944,180.0650100488878
13945,163.03757867636116
13946,202.87709283733537
13947,219.34672963018886
13948,254.87234179120443
13949,287.3152343595886
13950,324.8219122198856
13951,346.37490059388756
13952,357.1078913156999
13953,377.5193917573719
13954,402.2821314240274
13955,409.5308440734176
13956,404.3564501987611
13957,413.4307744452163
13958,395.30862985805896
13959,389.0633890848238
13960,370.22846030778635
13961,361.4552273644751
13962,342.4270542464724
13963,339.0599196533758
13964,201.47350161324792
13965,209.2190156337299
13966,206.52653068289274
13967,209.13905399501033
13968,197.54744626553656
13969,204.79615891492676
13970,179.8050232811135
13971,180.58531539414108
13972,178.34970840364394
13973,196.88761504713656
13974,217.74914214220104
13975,243.65105804099952
13976,303.39656548375706
13977,328.988089524863
13978,341.52595460089043
13979,371.58992728757283
13980,363.9574542753479
13981,380.61253479217413
13982,361.7785517541439
13983,368.5304630324423
13984,364.6848793837589
13985,370.43985368248394
13986,363.5808656145796
13987,374.32167343276603
13988,199.93220577939627
13989,188.73845223234292
13990,169.56120682596577
13991,162.53729063336942
13992,178.37376841427715
13993,173.92322035672527
13994,175.8827805794782
13995,201.2243152431231
13996,217.06883176397412
13997,242.15240310022426
13998,287.55334168240546
13999,295.39851050761524
14000,322.98057427047814
14001,359.59873636234863
14002,364.85690928998184
14003,373.4344321653452
14004,381.1799461858272
14005,334.7809020870445
14006,322.12458724407804
14007,278.1283293430493
14008,290.5373895456788
14009,294.6162943635867
14010,301.86500701297683
14011,325.65139852649753
14012,162.53208953915822
14013,161.76948365647638
14014,189.07038098712624
14015,183.21614699516948
14016,202.07740217263134
14017,229.5486597970024
14018,225.81388228681078
14019,232.0656579566276
14020,265.70844399097666
14021,292.7849399763287
14022,292.9793276120492
14023,321.8814351944661
14024,330.1237505860398
14025,343.9801123124788
14026,352.8364166927103
14027,358.0945896203436
14028,364.34969952755023
14029,386.39167217626994
14030,388.8879772312858
14031,378.99043771753526
14032,371.7204171473647
14033,375.0886544680138
14034,367.1514434106948
14035,360.0191060069516
14036,187.25037996563714
14037,194.00229124393553
14038,190.15670759525216
14039,193.92114217222024
14040,204.65413289403256
14041,211.90284554342276
14042,207.04221429364952
14043,238.984971253552
14044,277.64616694961353
14045,293.6361837332661
14046,314.1639224824592
14047,329.689264259817
14048,345.2797495497607
14049,351.5348594569674
14050,370.20974165083095
14051,387.85060781346647
14052,382.38475398145465
14053,392.1208077236936
14054,369.9031507280139
14055,358.18238454454337
14056,360.66992319314005
14057,358.5687748886393
14058,377.0504163125754
14059,359.2124209440736
14060,190.25486240594452
14061,181.95853314396118
14062,175.1758399224068
14063,182.424552571797
14064,189.6732652211872
14065,186.79440728675178
14066,182.6835330925922
14067,199.83945683395643
14068,193.7009803457669
14069,242.738766307883
14070,250.3212673031445
14071,289.22107939933386
14072,332.5909552137548
14073,348.27387784730377
14074,373.2794974111025
14075,375.34818646105884
14076,384.4010658486077
14077,335.200918032093
14078,357.51696768312735
14079,358.2861084623908
14080,348.1675018407324
14081,369.17356340917183
14082,363.5914712696389
14083,373.3275250118778
14084,209.19630403754738
14085,209.97659615057495
14086,205.6342111307998
14087,196.3150171713525
14088,177.03519774978741
14089,195.96172624721342
14090,203.21043889660362
14091,231.44449995940454
14092,258.13261578481166
14093,275.55663952515334
14094,282.80535217454354
14095,298.4069887982513
14096,317.0055761457649
14097,337.7959827249063
14098,338.62580420819086
14099,349.66993093355313
14100,358.4201990299826
14101,355.23967911447284
14102,364.01139206980866
14103,344.9313046542041
14104,352.1800173035943
14105,361.41926967474143
14106,367.67437958194813
14107,361.34145484041596
14108,180.77917087058938
14109,176.43678585081423
14110,196.90563275911745
14111,194.53234260219293
14112,200.7874525093996
14113,192.76659933722988
14114,200.01531198662005
14115,234.14613298564183
14116,263.6015488526956
14117,289.38183080474465
14118,309.3529270319112
14119,335.27965855680674
14120,359.4770990519753
14121,374.0827480061546
14122,377.01755865558613
14123,386.1979191858434
14124,398.98034147030256
14125,405.11587883259824
14126,397.65948527882944
14127,391.940549525955
14128,398.69246080425347
14129,391.0793058969602
14130,390.66942026048696
14131,386.0029790906861
14132,128.13214211385093
14133,118.28567734461626
14134,133.27970645874035
14135,131.1818923916295
14136,126.91771731767585
14137,132.17589024530912
14138,130.37735323192769
14139,146.6733155440895
14140,171.62147888429826
14141,191.29329805773526
14142,208.79875622432945
14143,226.69354386091345
14144,255.3225602808617
14145,278.0869431293861
14146,291.3063256340021
14147,306.8004903566079
14148,303.28618209522676
14149,303.49004375342275
14150,299.58307178466197
14151,276.21337515814
14152,271.3222744696712
14153,259.2886949713623
14154,232.53176884099946
14155,239.17620821819597
14156,149.67205508536017
14157,122.97486034897354
14158,143.58931727703714
14159,162.40993752188535
14160,202.4723058590149
14161,197.43559515078567
14162,191.99144435105023
14163,199.24015700044038
14164,244.07330172683086
14165,263.9100490249598
14166,295.44510771998586
14167,307.143616672631
14168,347.69416839084454
14169,345.0182669428006
14170,365.1790703909552
14171,370.43724331858846
14172,378.67955871016227
14173,384.93466861736886
14174,385.33201273948094
14175,372.6367037453882
14176,377.89487667302143
14177,348.19041730249955
14178,355.4391299518897
14179,354.0842216334449
14180,198.17707668933667
14181,184.09550124568074
14182,180.68961419544658
14183,203.92909538278627
14184,204.42609430962602
14185,192.31361372882083
14186,210.18126616409913
14187,218.42358155567285
14188,226.27990171464666
14189,226.4440780850416
14190,246.99326169314108
14191,226.27645252844445
14192,239.74960809059763
14193,228.09912499961553
14194,254.24703338937803
14195,280.2883259105062
14196,292.37642250651135
14197,273.0673411296658
14198,280.316053779056
14199,300.2576298775719
14200,309.49688224871903
14201,294.6750276777305
14202,309.70023384660664
14203,319.91377085500574
14204,133.77930053501785
14205,148.3077053328022
14206,155.5564179821924
14207,149.13677506178982
14208,162.27734976148685
14209,166.53858570954665
14210,189.96443988048463
14211,202.0525364764898
14212,216.74728853688447
14213,232.12426564192418
14214,242.36045499264475
14215,266.9862191089292
14216,275.69749305423255
14217,303.99295891649257
14218,323.85115107352783
14219,334.08400618685846
14220,341.33271883624866
14221,337.96582593714066
14222,285.7694550632958
14223,291.02762799092903
14224,289.58600149361376
14225,287.807140526427
14226,289.7667007491799
14227,297.0154133985701
14228,134.53742673056766
14229,143.27654349323316
14230,142.2242464659077
14231,140.4453854987209
14232,147.69409814811107
14233,166.36992965201964
14234,174.1154436725016
14235,202.76362978097012
14236,211.00594517254385
14237,238.66834563520302
14238,267.744147748731
14239,293.02429409229853
14240,317.0655728691942
14241,334.3551379235396
14242,354.51594137169417
14243,358.777177319754
14244,366.0258899691442
14245,357.4982915755338
14246,356.09146895948714
14247,292.4489028201809
14248,311.6524710559447
14249,318.9011837053349
14250,314.450635647783
14251,308.4203221973702
14252,146.4391369004595
14253,161.88138732546338
14254,169.13009997485358
14255,176.37881262424378
14256,165.73377474588406
14257,186.0368539764092
14258,206.56459272560235
14259,205.37366322180455
14260,228.91032353123435
14261,256.3751996765311
14262,278.20248669641705
14263,295.37581344324127
14264,313.05375865753143
14265,333.6899186178715
14266,346.00241655917455
14267,349.18094665883547
14268,335.42212189005124
14269,342.67083453944144
14270,320.39155110073364
14271,303.5209890625362
14272,319.37581915894884
14273,320.15611127197644
14274,327.40482392136664
14275,311.276460015779
14276,157.48881249448192
14277,151.45849904406913
14278,158.70721169345933
14279,168.9434010441799
14280,173.20463699223973
14281,180.45334964162993
14282,168.86174191215613
14283,192.64909921510343
14284,228.02755418721605
14285,248.74071660996248
14286,294.2214123071077
14287,319.95061951464095
14288,342.69235002084395
14289,365.8883706774548
14290,354.4113239442137
14291,358.6725598922735
14292,358.6815238544407
14293,372.98456151750065
14294,370.3301049283631
14295,366.4359412194676
14296,352.44134212805227
14297,360.683657519626
14298,356.81023105358054
14299,342.21040937992655
14300,176.74494601059376
14301,172.40256099081859
14302,196.53152373601137
14303,192.1891387162362
14304,194.14869893898916
14305,194.98730330807447
14306,183.66783743102445
14307,204.1955761802176
14308,226.29500505252727
14309,275.1116141497765
14310,305.68020530392477
14311,316.4131960257371
14312,328.2288925959483
14313,352.42633309111693
14314,356.7489573592542
14315,346.40164936548143
14316,353.65036201487163
14317,353.9833821270644
14318,343.3049085029483
14319,353.0735584378575
14320,345.63648298902024
14321,357.6463696392039
14322,359.42026449441494
14323,351.3136424534198
14324,200.37851199080444
14325,189.2844132484789
14326,186.2201316404902
14327,207.19763886970566
14328,209.65400046355037
14329,207.30215516553216
14330,202.85160710798021
14331,211.09392249955397
14332,235.18389109362056
14333,256.7300116812934
14334,276.06662337094076
14335,295.98132244152106
14336,311.6904144869491
14337,328.29512787531587
14338,288.57837043906295
14339,285.2640994536131
14340,294.66733063940734
14341,302.9129802683709
14342,323.0792158855548
14343,301.5627523646584
14344,288.74954813694325
14345,310.0608437120301
14346,317.30955636142016
14347,315.78483851175105
14348,138.2976742705058
14349,143.55584719813902
14350,146.5123444004654
14351,154.75465979203915
14352,160.01283271967242
14353,172.55069779569982
14354,180.1107881426285
14355,187.04812309448022
14356,230.36160175231487
14357,236.61337742213163
14358,288.0855899743115
14359,294.3373656441283
14360,275.9031357433761
14361,254.09366689086562
14362,234.80496917627102
14363,237.4469961376576
14364,244.6957087870478
14365,260.5321865679555
14366,258.0138659761028
14367,267.74991971834174
14368,280.28778479436914
14369,296.6671310480115
14370,289.1249686254172
14371,308.0729419817495
14372,140.44500369475418
14373,138.9819323385326
14374,147.7210491011981
14375,153.479357637313
14376,169.43985429231495
14377,164.98930623476303
14378,172.2380188841532
14379,200.8862049926217
14380,211.12239434334228
14381,218.8679083638242
14382,266.59858713224355
14383,290.9424772002586
14384,303.3138669824516
14385,324.4770395792089
14386,352.4420513329874
14387,359.7880338597605
14388,365.54300815848546
14389,380.4916816928286
14390,373.74559769505544
14391,343.1774016524032
14392,349.42917732221997
14393,348.3249659972927
14394,330.5953918399377
14395,336.8505017471444
14396,174.36918084175204
14397,163.08870911582824
14398,182.45553207080098
14399,164.2369736387285
14400,184.8728754256984
14401,185.34203153517606
14402,179.70035641807831
14403,200.3362582050482
14404,207.44728768801104
14405,239.7739419488741
14406,290.43132700806325
14407,322.45536997780704
14408,345.6679741372111
14409,365.1422689932858
14410,383.42877102720456
14411,391.5928764729568
14412,398.26683597880384
14413,399.29084754206093
14414,392.0174927345005
14415,378.1422080146259
14416,376.7353853985792
14417,383.48729667687763
14418,372.7601332355906
14419,370.1056766464531
14420,179.5242433039478
14421,186.41145282132868
14422,182.04762294264725
14423,188.30273284985392
14424,197.9313146909909
14425,204.18309036080765
14426,211.43180301019785
14427,235.16503832694494
14428,256.4921897383492
14429,291.31400218843515
14430,307.4937261930759
14431,311.07178778644555
14432,336.46035534116
14433,335.49382718266
14434,353.94525734127075
14435,364.6749138256932
14436,371.75869835039146
14437,390.2101285090022
14438,377.2122082237901
14439,358.73734339042426
14440,349.61446626492403
14441,360.55041347312795
14442,364.31484805009603
14443,366.49977540757345
14444,175.93978692397445
14445,189.94021329591502
14446,178.82466969468317
14447,186.07338234407337
14448,193.32209499346357
14449,200.57080764285377
14450,188.31605127967794
14451,219.92906174715537
14452,245.52058578826131
14453,274.2850102042509
14454,293.14626538171274
14455,333.45404695974173
14456,333.7535215692193
14457,334.9448461845131
14458,343.18716157608685
14459,367.76849937221607
14460,380.08099731351905
14461,406.1128158121717
14462,398.7615092321599
14463,379.4307248230378
14464,369.1958798938583
14465,360.34301786680714
14466,348.26313347867216
14467,355.5040290316882
14468,168.73874700800488
14469,175.98745965739508
14470,160.75304368926305
14471,167.00815359646973
14472,170.4110850414285
14473,178.6567346703921
14474,180.61629489314504
14475,185.37766644968653
14476,239.2548363584176
14477,268.2446279091316
14478,296.82362865156796
14479,382.9309733575285
14480,392.0618045175287
14481,404.9740928720412
14482,416.95376825689937
14483,426.5735836916172
14484,432.32855799034223
14485,423.2926572170827
14486,421.934414661248
14487,395.19572895978
14488,402.4444416091702
14489,386.7921253524427
14490,394.04083800183287
14491,383.45469196436306
14492,219.66973115374958
14493,209.31531367965914
14494,212.95405597704993
14495,218.21222890468317
14496,221.97666348165123
14497,209.19463630868808
14498,216.44334895807827
14499,272.86688373757767
14500,292.1956783308509
14501,297.45385125848406
14502,314.6271780053083
14503,330.97183013464104
14504,336.2300030622743
14505,350.8945438573435
14506,380.5960641019716
14507,391.8258561948756
14508,385.0526369957968
14509,376.90191775357385
14510,384.15063040296405
14511,359.5306935672049
14512,361.9593403749116
14513,281.51844453854255
14514,298.8956935611849
14515,314.4210353385427
14516,134.88192657608147
14517,144.43231495077856
14518,151.68102760016876
14519,161.91721695088933
14520,166.1784528989491
14521,173.4271655483393
14522,175.3867257710923
14523,182.47242539526212
14524,209.51940125196347
14525,225.03012942694312
14526,248.81748672989045
14527,272.85876550678614
14528,274.8183257295391
14529,276.70159110594216
14530,275.5106616021443
14531,297.52880446461273
14532,314.3914811803743
14533,339.4783867540143
14534,325.3753664514521
14535,304.98261343678104
14536,310.2407863644143
14537,343.150030915614
14538,312.0410481872526
14539,296.3131650854187
14540,103.5500692646007
14541,136.0718629154811
14542,135.26056721562844
14543,143.50288260720214
14544,149.26119114331703
14545,153.52242709137684
14546,152.33149758757907
14547,186.13018716683084
14548,201.36095639301257
14549,209.60327178458633
14550,249.65713188866695
14551,262.4099242875166
14552,288.49824969971445
14553,290.7611288296431
14554,289.9420160334163
14555,294.7033875899577
14556,301.9521002393479
14557,306.2133361874077
14558,321.21069953892174
14559,314.3483772336275
14560,311.97747200404785
14561,319.22618465343805
14562,303.8365362266587
14563,315.0663283195629
14564,171.585532757502
14565,175.4191727509217
14566,182.6678854003119
14567,159.96292144120312
14568,164.22415738926296
14569,171.47287003865316
14570,193.56448181458867
14571,200.81319446397887
14572,231.88024391532028
14573,252.3689885133873
14574,269.05094605814907
14575,285.6495196614302
14576,306.28638723782666
14577,354.0290568930962
14578,360.28083256291296
14579,365.5097435352657
14580,339.75911864999307
14581,345.01729157762634
14582,342.5866549540707
14583,355.036836061801
14584,355.18014895300576
14585,358.9153215746934
14586,370.67451123135953
14587,370.067101277524
14588,203.10789955752594
14589,183.38778567841408
14590,190.63649832780428
14591,209.31232983171284
14592,216.561042481103
14593,219.01740407494773
14594,231.0584677798834
14595,232.02109102306295
14596,259.1070610308905
14597,276.69923737635526
14598,283.7736576355367
14599,309.3651816766427
14600,312.90687183441435
14601,338.82245202554594
14602,357.4973342194094
14603,337.63715224652543
14604,335.5392284224556
14605,349.5396547943962
14606,342.8446455411389
14607,346.20222140631665
14608,331.4568994698611
14609,338.4322627834124
14610,345.6809754328026
14611,339.3785201299661
14612,168.623904333996
14613,172.8851402820558
14614,201.96165001164033
14615,196.15599607989557
14616,197.61875493155677
14617,208.34841141597923
14618,212.11618023033714
14619,219.8616942508191
14620,226.77661855433794
14621,193.72666200427759
14622,200.97537465366776
14623,245.55793214349958
14624,276.6249815948411
14625,279.89261480071735
14626,305.212704605456
14627,326.2076148401314
14628,327.7015507465446
14629,335.9438661381184
14630,338.3317499819873
14631,325.89036246184304
14632,317.2947561461302
14633,295.88671383638075
14634,303.13542648577095
14635,310.38413913516115
14636,143.9217387862549
14637,147.00394831857795
14638,165.45512030381846
14639,172.70383295320866
14640,165.26580819432638
14641,172.51452084371658
14642,183.2475115655289
14643,193.66912458980272
14644,219.14441032338758
14645,250.33644443824986
14646,274.12380174119716
14647,308.0682497566206
14648,329.4766871778661
14649,347.8085447915659
14650,355.0572574409561
14651,365.8195101180488
14652,374.0651597470124
14653,371.1950682189962
14654,364.2840560965311
14655,362.9369648744604
14656,359.8422138277761
14657,346.7575753636936
14658,355.99682773484074
14659,319.46259311235815
14660,153.1721279593575
14661,156.12862516168383
14662,170.16022858837647
14663,168.6355107387073
14664,167.44458123490955
14665,175.68689662648325
14666,192.37218840863483
14667,204.91005348466223
14668,249.98941234558583
14669,267.668306869921
14670,291.36894599399784
14671,318.95100975686074
14672,352.4654568398798
14673,370.6142757073712
14674,375.3756472639126
14675,232.010805521534
14676,237.2689784491672
14677,257.81816205726665
14678,263.0763349848999
14679,260.89180273891856
14680,272.9328664438542
14681,295.94794628589614
14682,311.27479795646497
14683,322.4852719444375
14684,144.36808954527584
14685,157.90289160087667
14686,155.55104630285842
14687,167.56093295304208
14688,164.19070581654415
14689,169.44887874417742
14690,176.69759139356762
14691,194.56524382884595
14692,221.94435110531725
14693,258.2001705120923
14694,278.5337191813131
14695,302.76918803818126
14696,301.55894042945187
14697,327.17190932946403
14698,365.5084692906677
14699,368.3843880992093
14700,363.43772980724043
14701,369.60278729818674
14702,372.07738932092616
14703,379.32610197031636
14704,375.92968894255773
14705,371.14700946523584
14706,356.4905711210779
14707,354.8116066526074
14708,190.1711450669425
14709,176.0895696232866
14710,188.81310006685587
14711,175.21021537277528
14712,182.45892802216548
14713,177.09816116391062
14714,180.36579436978693
14715,202.2145262485791
14716,234.65741881696326
14717,276.91422910124857
14718,290.33113592322684
14719,309.892148958172
14720,320.0416201300221
14721,331.9430855690588
14722,346.1594050532483
14723,365.3320379282486
14724,365.526425563969
14725,372.7751382133592
14726,374.13656494900414
14727,376.32149230648156
14728,375.10885977040726
14729,343.47681655253547
14730,339.8254229838244
14731,342.59625481860894
14732,163.93874170171384
14733,156.0906337506103
14734,140.34378221863815
14735,163.47484219483096
14736,161.29030994884963
14737,163.18139242162684
14738,162.48726428892076
14739,187.87583184363518
14740,211.10111445552647
14741,274.9681717816557
14742,302.38530741982663
14743,322.6623491755023
14744,326.92358512356213
14745,345.51269844860025
14746,352.67469291912
14747,368.65689260639834
14748,376.8992079979721
14749,379.67003983275663
14750,370.82689352216966
14751,369.0283565087882
14752,329.5314242812715
14753,324.17399166040644
14754,324.67099058724625
14755,320.3286055674711
14756,143.25059967006666
14757,150.49931231945683
14758,157.25122359775526
14759,151.19946528843622
14760,166.88782009101442
14761,174.1365327404046
14762,181.3852453897948
14763,190.5073101433759
14764,224.44394106242518
14765,252.14388000849118
14766,266.05758820156126
14767,300.30464750810404
14768,334.054647270185
14769,346.2804270326175
14770,349.4622913696684
14771,360.5534509861
14772,368.79910061506365
14773,368.93459640989425
14774,363.16374635941804
14775,356.6931384514585
14776,348.5346021128614
14777,345.88014552372385
14778,325.4291167827961
14779,326.42291708072764
14780,152.02101018711505
14781,147.67862516733987
14782,151.9398611153997
14783,144.20017437544305
14784,151.44888702483325
14785,158.69759967422345
14786,162.77341194873
14787,188.18342436235065
14788,207.02323468090623
14789,251.90840346185746
14790,270.6614956015425
14791,300.5659723325622
14792,320.8125446495422
14793,329.5540463395526
14794,351.1838090420763
14795,352.3751336573701
14796,364.1908302275814
14797,369.856701420091
14798,347.3364331332921
14799,327.4004261419313
14800,325.30261207482044
14801,339.303038446761
14802,335.93281131026316
14803,324.09903129970246
14804,153.27593775375664
14805,160.52465040314684
14806,164.78588635120667
14807,160.4435013314315
14808,167.6922139808217
14809,164.8133560463863
14810,163.62242654258847
14811,170.4213707119564
14812,212.98401676779199
14813,225.07211336379717
14814,263.3501193749545
14815,280.8348238193172
14816,307.722561893726
14817,314.9712745431162
14818,338.01895057782843
14819,342.4665595094865
14820,340.1736060523582
14821,359.17989166474825
14822,374.29349332378337
14823,352.8559308853834
14824,346.50156128494496
14825,332.6368282635829
14826,313.9103171266546
14827,329.3559017890483
14828,147.02359335358233
14829,174.16510448552833
14830,165.1212768589358
14831,197.12149004242826
14832,209.31704206015382
14833,231.18390461088177
14834,243.81533917272725
14835,241.52238571559897
14836,263.1521484181226
14837,303.22422890067844
14838,314.4564059209275
14839,328.3701141139976
14840,339.5989568968567
14841,346.2336805575891
14842,361.33946512024994
14843,361.8052869923377
14844,358.82677425317456
14845,367.0690896447483
14846,373.7135290219448
14847,372.2294622495032
14848,372.0137666930023
14849,341.87212758840576
14850,345.6365621653738
14851,334.5424634230483
14852,153.5407933646739
14853,160.78950601406405
14854,164.86531828857068
14855,158.81355997925158
14856,159.3105589060914
14857,166.5592715554816
14858,173.8079842048718
14859,176.1013327734961
14860,217.0053123539745
14861,239.7090144984779
14862,282.2795874076465
14863,298.1838353224736
14864,312.09754351554375
14865,322.8088312050796
14866,334.0376739879387
14867,337.30625650385997
14868,339.4911838613374
14869,347.93007426022837
14870,342.259828324525
14871,348.5116039943418
14872,348.1017183578685
14873,350.2866457153459
14874,314.087618576653
14875,316.99374865052
14876,154.34382678661206
14877,147.4926558150819
14878,151.75389176314172
14879,148.689610155153
14880,152.95084610321283
14881,149.90800935413046
14882,154.1692453021903
14883,179.55781285690463
14884,194.65483101314646
14885,228.28551640368653
14886,253.4974066408474
14887,254.99134254726067
14888,261.24311821707744
14889,284.1244469891793
14890,286.0840072119323
14891,293.33271986132246
14892,293.82971878816227
14893,306.8365424179193
14894,293.73045909493055
14895,298.9886320225637
14896,307.2309474141375
14897,292.060526336997
14898,300.3028417285707
14899,274.3875468919763
14900,108.92208352264345
14901,114.18025645027672
14902,121.42896909966689
14903,145.05331337739375
14904,154.78936711963263
14905,177.58312168039635
14906,184.83183432978655
14907,196.06162642269067
14908,225.01785599130775
14909,233.2635056202714
14910,252.06432178770075
14911,264.60218686372815
14912,253.34161282756816
14913,293.64771709430875
14914,217.3726167589504
14915,234.27813609592386
14916,243.02058709597924
14917,246.78502167294727
14918,258.3292840067912
14919,270.05587747078704
14920,273.82031204775507
14921,281.06902469714527
14922,298.8261126879204
14923,298.54099007139877
14924,160.38499288338687
14925,161.79738460658865
14926,178.28848630876783
14927,179.87362325303584
14928,182.16697182166016
14929,186.9283433782016
14930,206.90891362784365
14931,213.16402353505032
14932,227.16444990699088
14933,238.57966567344826
14934,262.1806499927972
14935,309.3070554890229
14936,316.5557681384131
14937,328.8682660797161
14938,341.0940458421486
14939,344.947583525332
14940,352.1962961747222
14941,360.24537079636855
14942,348.2737978624216
14943,343.6073566926208
14944,330.7256747149299
14945,314.5463458217852
14946,312.5560036557763
14947,308.2136186360011
14948,151.35177623450326
14949,137.193198328441
14950,143.9451096067394
14951,134.92731945499625
14952,145.6603101768086
14953,152.9090228261988
14954,156.67345740316682
14955,163.80618991840618
14956,203.88931197776716
14957,239.2024936299156
14958,263.12753409929024
14959,303.704233049312
14960,315.43082651330786
14961,322.5928209838276
14962,326.76828806306196
14963,335.61821096421926
14964,340.27211061965886
14965,344.44757769889316
14966,339.35990200310704
14967,321.0283297439444
14968,313.6770231639326
14969,322.9162755350797
14970,307.1501058981761
14971,322.83846070075424
14972,153.88871925899932
14973,149.52488938031792
14974,156.7736020297081
14975,153.70932042171938
14976,157.97055636977922
14977,156.77962686598144
14978,175.45545836988995
14979,184.57752312347102
14980,207.91665911553852
14981,233.30522667025292
14982,271.55492003617485
14983,291.9959406064975
14984,302.114942339652
14985,319.26682422756994
14986,330.99341769156575
14987,335.7547892481072
14988,342.006564917924
14989,342.33958503011684
14990,336.97881817186203
14991,332.63643315208685
14992,329.5416821054026
14993,327.16839194847813
14994,332.42656487611123
14995,344.156492577497
14996,176.37228907383115
14997,155.9013425927202
14998,148.35584593273592
14999,165.04113771488755
15000,172.28985036427775
15001,181.03230136433314
15002,187.2840770341499
15003,206.33952229158416
15004,234.85879164004444
15005,253.82751871860825
15006,275.1580043674023
15007,302.42869043272674
15008,321.7867469812804
15009,337.69099489610744
15010,352.35553569117667
15011,358.24914246637405
15012,358.4435301020944
15013,365.6922427514846
15014,364.7822215065297
15015,357.43091492651797
15016,373.42188102021555
15017,364.3053853737896
15018,367.96234804965565
15019,387.026559713509
15020,243.27687068800043
15021,201.24247193316418
15022,206.89779142716145
15023,194.12453066061738
15024,194.02507341163763
15025,195.51567508066094
15026,192.86121849152337
15027,209.0194976372578
15028,232.3586336293253
15029,250.2048412056973
15030,274.812106719717
15031,285.2122748850846
15032,292.5500906406901
15033,332.9247824143654
15034,341.1670978059391
15035,357.85238958809066
15036,368.585380309903
15037,348.76550186910447
15038,344.31469563818234
15039,337.26933458667986
15040,344.51804723607006
15041,334.3594971532404
15042,343.4130841568457
15043,325.42888090948594
15044,152.60978773971215
15045,151.11624694479497
15046,159.82752089009836
15047,173.3623229456992
15048,167.02939820416702
15049,182.3849304503005
15050,196.38535682224105
15051,194.6085228411361
15052,233.8031291320707
15053,250.97645587889488
15054,269.1467196052925
15055,300.49302038937543
15056,314.601867972463
15057,351.2980915937437
15058,350.4197172314141
15059,355.8428182837393
15060,355.4034511780678
15061,354.19320356933844
15062,345.40102224630834
15063,343.4161122493287
15064,327.7281525582465
15065,332.79756757493664
15066,343.03375692565714
15067,317.3396389539296
15068,146.11939884161973
15069,139.09214841163362
15070,133.04039010231452
15071,148.92626922225503
15072,157.66538598492053
15073,153.2961239372098
15074,169.88354620672686
15075,176.13532187654368
15076,209.96353158444612
15077,252.33103825026427
15078,272.664586919485
15079,312.7366674020409
15080,326.1535742240192
15081,327.25484642305275
15082,352.09887209954945
15083,364.41137004085243
15084,365.5993604187565
15085,372.35127169705487
15086,372.6323775116458
15087,364.08212677571396
15088,361.0957969401766
15089,368.3445095895668
15090,375.0964208678652
15091,383.8388718679206
15092,186.03807563009468
15093,194.28372525905826
15094,194.74954713114607
15095,201.99825978053627
15096,193.48700319573067
15097,199.7421131029373
15098,201.15450482613915
15099,199.66096403122197
15100,223.9755921439566
15101,262.38900615115534
15102,254.17422107238338
15103,290.38135066198754
15104,303.0984996264826
15105,320.2503815144005
15106,352.830957249212
15107,360.576471269694
15108,372.3921678399052
15109,375.0738965684744
15110,379.8352681250159
15111,368.50383141153515
15112,341.72700759140866
15113,355.7274339633492
15114,339.20553383853246
15115,330.44358026020944
15116,164.79578576072458
15117,172.04449841011478
15118,179.29321105950498
15119,183.55444700756482
15120,155.31435427546876
15121,181.5132276527881
15122,178.4489460447994
15123,212.54929760512556
15124,242.69998847067842
15125,263.5293892009459
15126,308.27605744245443
15127,316.404519453852
15128,329.3212906673487
15129,332.09212250213324
15130,352.2314810913815
15131,356.49271703944135
15132,346.3074014805188
15133,319.4309228556647
15134,324.19229441220614
15135,340.49439650945345
15136,333.8503357643715
15137,306.5672365506777
15138,313.8159492000679
15139,316.58678103485244
15140,134.58267301196247
15141,136.35656786717362
15142,153.55797912534854
15143,172.29884225523273
15144,155.12494483047794
15145,169.4676842607205
15146,164.28715060097818
15147,168.548386549038
15148,212.34115381554562
15149,219.6583442149116
15150,241.1796857062883
15151,267.24087591718023
15152,317.9676880363902
15153,330.2801859776932
15154,332.4651133351706
15155,335.8713790175192
15156,343.0204368621816
15157,346.00477688187016
15158,355.9166519091949
15159,357.2686046223643
15160,354.8681792641341
15161,363.1104946557078
15162,358.81032826748975
15163,355.1374898398725
15164,183.54201642391712
15165,190.7907290733073
15166,199.50200301861065
15167,195.8291645909934
15168,210.35756938877776
15169,204.0031997883394
15170,213.24245215948653
15171,209.89700411928476
15172,220.29717228465228
15173,232.99805038590014
15174,263.77445938255295
15175,283.6112066806819
15176,334.22094093928473
15177,341.46965358867493
15178,347.31134606627035
15179,349.49627342374777
15180,361.7220531861803
15181,375.9176189481383
15182,341.4922891089085
15183,322.85583038824063
15184,331.09814577981433
15185,336.3563187074476
15186,324.2471723640321
15187,337.75079736488095
15188,160.51336432772663
15189,167.7620769771168
15190,163.41969195734166
15191,162.0433387799906
15192,169.29205142938076
15193,160.27426127763763
15194,170.5104506283582
15195,166.33204442323
15196,203.64453220355455
15197,227.34517132763136
15198,279.84024857727513
15199,311.9782546841539
15200,326.69137553943517
15201,332.4463498381602
15202,339.6950624875504
15203,356.9846275418957
15204,363.23973744910234
15205,372.5657079991199
15206,310.78173585414345
15207,270.1954110291827
15208,277.4441236785729
15209,297.5449740891823
15210,293.20258906940705
15211,303.4387784201276
15212,136.93979374242045
15213,130.41267892091588
15214,147.9529409687787
15215,141.92262751836589
15216,139.35514728146902
15217,156.42005281714626
15218,167.1530435389586
15219,176.39229591010573
15220,181.20070035771676
15221,223.15717452126867
15222,252.37136741728045
15223,286.1995771251829
15224,316.5327088778466
15225,323.7814215272368
15226,329.03959445487
15227,338.88312009821084
15228,345.0491268992022
15229,299.0806815919216
15230,294.60299833306385
15231,295.54976573992593
15232,294.02504789025676
15233,302.6011516277019
15234,296.318594014629
15235,300.57982996268885
15236,151.99461668915868
15237,151.13650974180564
15238,158.38522239119584
15239,150.05086476751293
15240,167.09765968167383
15241,175.83677644433934
15242,181.66356273043
15243,188.9122753798202
15244,185.83827805536734
15245,195.96366126759608
15246,203.21237391698628
15247,200.3335159825509
15248,226.59070161592794
15249,231.8488745435612
15250,233.8084347663142
15251,257.59579206926145
15252,253.14524401170956
15253,259.4003539189162
15254,252.78652091854124
15255,257.047756866601
15256,268.77435033059686
15257,275.0294602378035
15258,287.5673253138309
15259,291.331759890799
15260,120.57714409482895
15261,133.11500917085638
15262,140.36372182024658
15263,139.51343196926769
15264,133.37495548107816
15265,165.59413784083927
15266,165.73745073204395
15267,174.9767031031911
15268,200.70602006768328
15269,222.6381358879561
15270,252.32225312712416
15271,259.57096577651436
15272,285.98180016959515
15273,289.73841765018904
15274,310.56876769050166
15275,331.32090778499264
15276,336.60834266790624
15277,332.46987992394924
15278,339.71859257333944
15279,346.96730522272964
15280,354.21601787211983
15281,331.2840094669982
15282,343.8218745430256
15283,335.79154734838033
15284,138.3707163150276
15285,134.36993673749797
15286,163.44644646708244
15287,162.23310631495178
15288,172.6547193392256
15289,178.09855763440072
15290,168.31182425914207
15291,197.38833398872654
15292,206.9387223634236
15293,215.3667031225392
15294,238.85144913436716
15295,279.98801508684653
15296,322.0885538959001
15297,327.06676787473543
15298,327.18934352309026
15299,352.11132097203824
15300,354.4992048159072
15301,364.8211630354533
15302,348.26101290536775
15303,355.5097255547579
15304,344.4156268124323
15305,339.8271374150829
15306,393.52754029972095
15307,380.89207245656314
15308,161.04855181572069
15309,175.38180074410607
15310,173.6940698692165
15311,177.95530581727633
15312,178.4523047441161
15313,180.84018858798504
15314,177.96133065354965
15315,188.694321375362
15316,239.0904376921019
15317,270.6751355143439
15318,293.1057464963785
15319,326.65066301809304
15320,344.63455376089246
15321,334.67966778051084
15322,371.1633711863849
15323,374.4286194649163
15324,376.5942287174621
15325,376.0387330612285
15326,348.9083329624258
15327,322.0481252008188
15328,315.0208747708325
15329,343.6865936921394
15330,346.174132340736
15331,331.6554869199644
15332,150.07401108649748
15333,160.30686619982814
15334,174.0046812806494
15335,179.09887539363564
15336,177.21362020138378
15337,182.47179312901704
15338,183.27140334697617
15339,200.45349650021953
15340,209.05731502380254
15341,249.38331698030692
15342,271.2320488590991
15343,285.8367485032334
15344,321.21758840269086
15345,320.74571838192645
15346,322.9956608859978
15347,352.4128102684012
15348,368.2095862821264
15349,333.3176663371303
15350,338.38708135382035
15351,317.6516617002485
15352,325.89397709182225
15353,317.54906776962696
15354,314.89461118048933
15355,322.14332382987953
15356,148.89030447362893
15357,171.63298428987687
15358,157.52996398731466
15359,164.35035301558887
15360,189.08357255359377
15361,192.35120575947005
15362,201.5904581306172
15363,190.943873083115
15364,182.00429287719334
15365,177.6619078574182
15366,203.78141032436793
15367,201.29426678726725
15368,205.0587013642353
15369,218.46779108983952
15370,231.1686691910873
15371,215.86599711654867
15372,210.8326206457094
15373,220.07187301685653
15374,226.3236486866733
15375,235.87737129876027
15376,249.40883911697122
15377,242.3634780654686
15378,250.6057934570423
15379,236.38975932738998
15380,94.77460587359654
15381,63.27702134172107
15382,81.64690731712041
15383,89.17109605632426
15384,82.42501205855113
15385,109.59145070320459
15386,119.3568761576828
15387,120.0473575484386
15388,142.587080878295
15389,167.62207215433313
15390,170.49799096287472
15391,191.24469888833647
15392,204.13220814655273
15393,214.06245196876407
15394,225.0787358767642
15395,230.02243856345763
15396,237.27115121284783
15397,238.2961285655314
15398,246.54177819449498
15399,239.51452776450878
15400,240.48048524507823
15401,244.57870816791763
15402,247.53187113285412
15403,267.515775619886
15404,100.60693851529027
15405,82.78968038963833
15406,87.77237722745792
15407,96.01802685642153
15408,102.54527861605195
15409,135.85356478266786
15410,145.09281715381496
15411,155.94275379920478
15412,170.6757723442498
15413,183.9852072651262
15414,199.47060558131284
15415,225.55016458709147
15416,232.79887723648167
15417,246.27229097200504
15418,270.29698624610745
15419,273.37919577843047
15420,260.57572374656104
15421,279.43697892402287
15422,277.0636887670984
15423,282.32186169473164
15424,289.57057434412184
15425,282.5433239141356
15426,288.3016324502505
15427,295.5503450996407
15428,106.65684018777301
15429,110.91807613583285
15430,118.16678878522305
15431,125.41550143461325
15432,136.14849215642556
15433,142.90040343472396
15434,150.14911608411416
15435,173.311353115059
15436,200.69046039153028
15437,250.33669341631605
15438,276.4250188285138
15439,275.3500694588668
15440,276.84400536528005
15441,293.2822434598124
15442,343.8929270284602
15443,351.1416396778504
15444,360.3808920489975
15445,344.73085096265606
15446,329.7114720743053
15447,355.9577480679069
15448,352.43206682919254
15449,345.278284566543
15450,334.0845310194897
15451,327.9457963579299
15452,172.30529228130337
15453,188.29625837500092
15454,183.6298172052001
15455,201.4171329406822
15456,197.26893800087944
15457,185.335503185591
15458,192.5842158349812
15459,199.55745239455774
15460,232.6358885674649
15461,249.80921531428916
15462,269.13706059751735
15463,277.7215610161688
15464,284.970273665559
15465,313.84311929269546
15466,323.7679309458776
15467,330.1281278268413
15468,328.1432178298616
15469,335.30616161042633
15470,320.4339399109785
15471,310.03083261971705
15472,294.84844070614577
15473,301.10021637596253
15474,297.75476833576084
15475,320.8589512840181
15476,137.54747789406125
15477,144.29938917235967
15478,151.54810182174987
15479,128.9576988588737
15480,136.70321287935568
15481,135.0154820044661
15482,137.42481070724133
15483,149.5129073032465
15484,191.44011951151796
15485,279.0681893530381
15486,296.24151609986245
15487,308.65366884589315
15488,316.0108027064303
15489,328.98741507086197
15490,338.7234688131008
15491,327.3355251860751
15492,318.72364800711506
15493,332.0330829279915
15494,331.4549349294364
15495,326.29169238854377
15496,320.42535775277804
15497,313.00972716284696
15498,335.5582168991225
15499,306.2453621689764
15500,139.71212687579128
15501,147.10395486063808
15502,156.34320723178524
15503,134.54678476209094
15504,139.89167586859466
15505,151.64753128787098
15506,158.89624393726118
15507,168.38952753931565
15508,200.11095921794004
15509,216.76603973476622
15510,245.80260600317956
15511,275.8720108588912
15512,283.50367149919697
15513,300.37226020092714
15514,317.54558694775136
15515,324.56989825184365
15516,340.25825305442186
15517,324.99765119502916
15518,321.1218562810203
15519,324.52812196336896
15520,302.70999646139825
15521,306.6879392232703
15522,300.71651761374744
15523,329.5090265410878
15524,126.98287830969483
15525,129.94034130144775
15526,127.56917789849803
15527,144.93456797131992
15528,151.68647924961834
15529,142.66868909787527
15530,148.92379900508192
15531,163.002435322844
15532,182.55468195137001
15533,214.08121593396552
15534,256.7598586033336
15535,279.0839469943113
15536,321.75417470820776
15537,343.024819206067
15538,354.25366198892607
15539,361.5023746383162
15540,359.7929407311502
15541,358.4935900162055
15542,319.688598549798
15543,314.33116592893293
15544,301.5491387559698
15545,321.10259286791097
15546,326.3607657955442
15547,333.275690099063
15548,159.19864938063665
15549,190.98076176328203
15550,197.23253743309883
15551,180.94478732880725
15552,195.63953938920193
15553,196.43914960716106
15554,204.18466362764298
15555,225.73078421531582
15556,256.3185450579844
15557,246.5788445737953
15558,252.3649959272723
15559,259.6137085766625
15560,247.90491322962268
15561,227.11938462096165
15562,266.19775260437507
15563,280.22935603106765
15564,297.15229842392057
15565,302.90727272264564
15566,268.8141475303436
15567,259.5840566771117
15568,300.64183309893747
15569,333.1322280514968
15570,334.02637354470045
15571,322.83261999764716
15572,162.8419744224934
15573,152.02783462896573
15574,157.28600755659897
15575,158.68028865828438
15576,167.9195410294315
15577,178.1523961427622
15578,182.4169663282119
15579,187.1783378847534
15580,204.74004479152245
15581,241.96342946563163
15582,266.86396205567337
15583,283.654340811582
15584,287.49058737591577
15585,298.53471410127804
15586,319.77488916044166
15587,326.1384202787952
15588,335.26925143879544
15589,334.669658581334
15590,331.00015439110666
15591,317.80709471587716
15592,308.37947954528295
15593,302.12476474957236
15594,284.31792995644093
15595,288.57916590450077
15596,109.81323157645866
15597,117.06194422584886
15598,124.31065687523906
15599,108.15277284100071
15600,125.25691422179273
15601,127.48861629696944
15602,143.17793688897422
15603,147.4998535410551
15604,167.3746091504642
15605,177.77477731583178
15606,211.6029870237342
15607,258.5462440167925
15608,278.20691185646547
15609,287.6315879011659
15610,310.8441920605701
15611,324.9442732372384
15612,316.4330166524328
15613,309.10648916871713
15614,308.42112744243036
15615,289.8595444301939
15616,295.1177173578272
15617,277.77747267046215
15618,276.8891544577837
15619,283.14426436499036
15620,116.68186401608412
15621,135.0550842288733
15622,141.30685989869008
15623,134.5855549972131
15624,141.8342676466033
15625,159.21055087981912
15626,158.8190340382324
15627,164.5740083369574
15628,186.7896755167882
15629,203.90494818092486
15630,233.19638523333165
15631,270.4004518025092
15632,306.40234973533586
15633,324.0257031355525
15634,329.0585089284614
15635,311.1042752524384
15636,336.6195044471944
15637,308.73440713169293
15638,311.1222909755619
15639,310.62235292282827
15640,316.3773272215533
15641,301.6047603268331
15642,298.72590239239776
15643,299.50619450542536
15644,142.36439315512962
15645,127.56064920565746
15646,140.09851428168488
15647,160.62625303087802
15648,167.87496568026822
15649,161.84465222985546
15650,159.1514596629619
15651,160.925354518173
15652,176.9474976666226
15653,184.1962103160128
15654,214.25684876530522
15655,240.07373994113559
15656,284.91021890491595
15657,280.5463890262345
15658,318.7440583375956
15659,315.8954116684856
15660,306.2034352120408
15661,313.452147861431
15662,278.13037327079024
15663,274.0905995421345
15664,296.0392988652006
15665,291.9587621727069
15666,302.1949515234274
15667,281.6730400547596
15668,126.50374822776806
15669,150.63174518353426
15670,143.60782899093792
15671,146.9893155769904
15672,163.06061837048418
15673,143.7298339613622
15674,174.38514329438092
15675,158.22725926014257
15676,209.81237588245358
15677,240.2647287290808
15678,264.18976919845545
15679,279.2867873546972
15680,297.521375091014
15681,311.82441275407405
15682,318.6620929011979
15683,320.8470202586753
15684,334.4001746297811
15685,348.09798971060235
15686,347.11001669319614
15687,336.3828532519091
15688,356.7466131864553
15689,340.7916856386085
15690,332.4682211753194
15691,319.556327932303
15692,162.39373191872974
15693,160.02044176180524
15694,153.68751702027313
15695,146.83634604874294
15696,136.79558144257697
15697,161.33377134752334
15698,177.20754982365483
15699,184.45626247304503
15700,188.10471691586213
15701,230.78360127921883
15702,264.0259065098141
15703,283.88409866684935
15704,304.43328227494874
15705,317.40656040199053
15706,326.04059019089897
15707,337.77051789228466
15708,333.3197116613626
15709,333.32534138613994
15710,338.58351431377315
15711,334.9140101235458
15712,334.9410847072293
15713,309.75586875040256
15714,311.52976360561365
15715,323.63930506052503
15716,135.79520327762313
15717,127.8525600512749
15718,130.24044389514387
15719,157.5413412257937
15720,153.17751134711224
15721,146.5344163914568
15722,145.6841265404779
15723,177.9111259966132
15724,195.04547507169286
15725,216.8727620915788
15726,244.3376382368756
15727,302.00492198957915
15728,312.0155025115867
15729,354.30278223456753
15730,362.6827807925686
15731,370.40141778511503
15732,369.2972064601877
15733,374.5553793878209
15734,300.3419192397233
15735,322.9849442512435
15736,313.55732908064925
15737,301.96642896723193
15738,280.5257904648122
15739,286.78090037201883
15740,113.17840614061734
15741,138.99433152702113
15742,121.83951051320938
15743,147.65543589961317
15744,149.04971700129857
15745,160.66245708511823
15746,149.77131482918426
15747,170.36753132835318
15748,190.3984687064546
15749,207.84419547907274
15750,246.87458126137165
15751,293.4739741211801
15752,311.8377203114938
15753,321.07602337259596
15754,350.61453059200363
15755,359.85378296315076
15756,357.56082950602246
15757,366.8858507459951
15758,348.80364962000897
15759,349.3006485468487
15760,326.7880875994651
15761,317.94637690617793
15762,328.67936762799025
15763,322.6490541775775
15764,156.68678943715292
15765,169.38766753840076
15766,176.63638018779096
15767,161.95955605173063
15768,169.2082687011208
15769,165.02986249599263
15770,170.92346927119002
15771,172.38719391227778
15772,188.14402646483177
15773,205.02350832695578
15774,220.89728680308724
15775,258.32672050698926
15776,289.82470015036074
15777,312.3420293112659
15778,381.4626178097485
15779,362.10469819932075
15780,386.91517837310215
15781,353.15237892328986
15782,365.4648768645929
15783,353.61934766117065
15784,342.525248918845
15785,350.27076293932697
15786,351.8480827872208
15787,336.2578828518143
15788,192.63772932509468
15789,180.3428078571785
15790,162.69995187869412
15791,145.70935137351793
15792,151.9644612807246
15793,161.2037136518717
15794,169.44602904344544
15795,176.69474169283563
15796,191.38949375323028
15797,199.63180914480404
15798,209.75081087795854
15799,216.00592078516516
15800,236.5336595343583
15801,240.29809411132638
15802,281.95148715588556
15803,307.56445605589784
15804,304.19756315678984
15805,311.44627580618004
15806,276.87544570414866
15807,282.26891687086436
15808,268.9374664131511
15809,276.1861790625413
15810,295.2449585573655
15811,303.984075320031
15812,144.1683017199181
15813,130.9764495281038
15814,138.7219635485858
15815,147.96121591973292
15816,155.20992856912312
15817,160.4681014967564
15818,167.22001277505478
15819,174.96552679553673
15820,188.06867099263172
15821,195.31738364202192
15822,201.5724935492286
15823,232.53041417336667
15824,254.07320052364963
15825,267.7710156044709
15826,296.3682367253825
15827,309.28834217626905
15828,282.0744483790269
15829,280.39214967316656
15830,282.2744657395246
15831,277.2410892686853
15832,284.4898019180755
15833,300.8691481717178
15834,293.1294614317611
15835,306.664263487362
15836,126.07639039607864
15837,128.0359506188316
15838,137.27520298997877
15839,148.8194653238226
15840,150.77902554657558
15841,169.14891152197492
15842,176.39762417136512
15843,182.40817687013998
15844,206.61438377172763
15845,213.86309642111783
15846,238.58211738367433
15847,265.8615698554179
15848,313.37635551158843
15849,337.50435246735464
15850,339.68927982483194
15851,296.3189817488918
15852,296.8159806757316
15853,304.0646933251218
15854,311.313405974512
15855,293.3679387049083
15856,300.6166513542985
15857,307.8653640036887
15858,316.1076793952624
15859,334.5893208191985
15860,152.06273535540694
15861,152.49125653227097
15862,166.98848427530334
15863,183.67377605745494
15864,191.91609144902867
15865,197.17426437666188
15866,212.1716277281759
15867,218.42340339799267
15868,234.13107630550246
15869,243.65362186283738
15870,252.81466428816302
15871,263.9091581419847
15872,256.29600323469134
15873,261.0573747912328
15874,274.14240836681137
15875,276.1298114069265
15876,265.5046712183305
15877,253.00381047758043
15878,220.8605900744218
15879,223.63142190920632
15880,234.36441263101864
15881,255.10778631909045
15882,260.3659592467237
15883,252.62627250676707
15884,102.97421031044897
15885,163.32084977449253
15886,170.56956242388273
15887,167.46604497077928
15888,174.71475762016948
15889,180.96986752737615
15890,188.46927717028385
15891,290.0671781594655
15892,217.1357915064361
15893,217.77058335666214
15894,238.1700032049446
15895,245.4187158543348
15896,76.93011586993532
15897,83.68202714823374
15898,89.16152535714514
15899,98.67625381810592
15900,92.28374609900905
15901,110.90766330531571
15902,124.44246536091654
15903,115.27751802027052
15904,146.0419561804926
15905,163.33152123483794
15906,185.59910271227056
15907,197.26738392020866
15908,238.50974446250166
15909,265.098205483181
15910,267.05776570593395
15911,270.8533773376541
15912,274.80347728216395
15913,268.4705525406319
15914,275.7192651900221
15915,297.4650080266965
15916,304.7137206760867
15917,311.9624333254769
15918,294.4962546645461
15919,303.4927368955088
15920,140.5327778685632
15921,103.35598343881716
15922,131.6290386527442
15923,148.91860370708955
15924,144.70453758822512
15925,154.9763868526819
15926,171.66167863483352
15927,185.23378138565812
15928,198.67767499253097
15929,195.68968823089222
15930,194.24472749618707
15931,201.4934401455772
15932,219.08572624800075
15933,243.23613385209984
15934,265.97881366834775
15935,264.48527287343063
15936,271.73398552282083
15937,282.43579918988115
15938,292.9831245441516
15939,300.2318371935418
15940,298.8521497788008
15941,302.11978298467716
15942,299.2536235531483
15943,301.6415073970172
15944,136.17604402768438
15945,123.3940168547212
15946,130.6427295041114
15947,126.27889962542994
15948,134.79669110681732
15949,147.09971502564474
15950,148.02503757360054
15951,148.98766081678008
15952,190.57399524928184
15953,209.43525042674372
15954,247.9062690739437
15955,277.275916072172
15956,282.53408899980525
15957,281.5675608413053
15958,293.0687871705767
15959,297.8301587271182
15960,302.5230525336839
15961,309.7717651830741
15962,306.66754011391424
15963,312.91931578373107
15964,304.4885278357513
15965,309.7467007633846
15966,318.8002877669898
15967,307.62823725221295
15968,143.35768353320847
15969,151.04598302408897
15970,159.0636388969947
15971,166.3123515463849
15972,170.19397374091903
15973,175.94894803964405
15974,184.4667395210314
15975,190.4463733384244
15976,205.8538198821597
15977,208.03874723963713
15978,236.72687680927677
15979,238.68643703202974
15980,245.18431707942082
15981,252.18692535123674
15982,251.69032153589296
15983,266.4336536564996
15984,272.93946055722375
15985,279.1912362270405
15986,285.9431475053389
15987,291.00783796905625
15988,287.33499954143895
15989,296.84972800239973
15990,292.48589812371824
15991,299.73461077310844
15992,113.8935567681191
15993,77.18668668152932
15994,121.39316396677478
15995,127.54069221592063
15996,124.17046507942271
15997,130.42557498662936
15998,150.2804329062747
15999,144.92300028540976
16000,178.05688430485807
16001,193.99050393192445
16002,216.06056109199483
16003,245.56800101360935
16004,252.81671366299955
16005,269.9900404098238
16006,281.3056013715534
16007,289.55125100051697
16008,300.2842417223293
16009,281.789949027073
16010,290.03559865603665
16011,295.0182954938563
16012,275.9336154623086
16013,278.01888801505817
16014,288.0304178471106
16015,282.49535859864716
16016,115.61032606031787
16017,125.10360966237234
16018,132.35232231176252
16019,138.35340098806188
16020,153.347430102186
16021,159.82719952806065
16022,173.9055776724526
16023,180.15735334226937
16024,186.41246324947605
16025,190.5879303287104
16026,213.02896464326557
16027,228.21175166833285
16028,248.84791162867293
16029,258.6697342397373
16030,277.53109917415804
16031,288.7608912670621
16032,276.34902387556855
16033,271.704027564674
16034,278.9527402140642
16035,277.5459175980175
16036,284.51915415759413
16037,282.8616345480299
16038,275.51032796801803
16039,272.4155769213338
16040,101.1171268632025
16041,107.09676068059554
16042,106.67810863770309
16043,111.25072228330144
16044,112.82260996216598
16045,120.20496392453727
16046,122.31264712561972
16047,125.69746794906209
16048,137.80700940397352
16049,169.94729068123831
16050,206.45703156196183
16051,229.80409440736236
16052,237.05280705675256
16053,244.2148015272723
16054,268.6964845186736
16055,259.45513257471873
16056,266.9578764550163
16057,256.28262731133117
16058,259.26696733101977
16059,260.8768833715838
16060,259.685953867786
16061,271.0787589859105
16062,277.33386889311714
16063,289.8717339691446
16064,121.10765789493142
16065,114.05896260603896
16066,128.00288206443452
16067,143.0002454159485
16068,149.25202108576528
16069,157.49767071472886
16070,151.64010248538227
16071,156.1474428110164
16072,159.38581406161228
16073,166.63452671100248
16074,185.99258325955606
16075,213.3716905360274
16076,217.99537892614148
16077,224.24715459595825
16078,231.7419716229228
16079,240.23831824540383
16080,246.2393969217032
16081,254.48504655066682
16082,260.7368222204836
16083,256.0703810506827
16084,284.2305321944786
16085,290.4823078642954
16086,274.293246775305
16087,260.49617200125203
16088,101.78242235446962
16089,130.30158194597098
16090,146.68497005305966
16091,169.92464879614744
16092,180.24660701569343
16093,197.84825738363367
16094,207.53657061874668
16095,224.4637929879966
16096,239.17691384327787
16097,248.67019744533235
16098,270.9855194298908
16099,309.6124416219936
16100,334.2015965144968
16101,341.450309163887
16102,348.6990218132772
16103,353.4691597762379
16104,346.1392980551324
16105,350.61737642548604
16106,345.9509352556852
16107,353.30806911622227
16108,329.969218478692
16109,317.69180977319473
16110,320.1793484217915
16111,148.6564970183623
16112,146.05854734276983
16113,152.31032301258654
16114,161.795679761308
16115,167.05385268894128
16116,162.16275200047244
16117,144.77392725289536
16118,153.01624264446912
16119,189.32636127619094
16120,210.12733960426414
16121,227.5546975819957
16122,258.3278820982176
16123,286.40131506314293
16124,302.5562599714875
16125,306.32069454845555
16126,317.9422010386944
16127,319.82451710505245
16128,306.2485094389074
16129,312.503619346114
16130,251.04286379807706
16131,269.82283296569767
16132,257.3513439371869
16133,273.28580311733936
16134,258.29760128374056
16135,100.44677828392784
16136,94.41646483351508
16137,106.77670328194401
16138,109.16458712581294
16139,93.57200226306156
16140,108.69505789415277
16141,92.6056716603096
16142,115.3181402112321
16143,158.70862133147315
16144,192.50745932713625
16145,222.98918388600276
16146,233.72217460781508
16147,273.76631899543156
16148,305.9066002726964
16149,321.391998588883
16150,310.2764549876511
16151,335.8894238876633
16152,326.3814720172728
16153,301.90869237041653
16154,317.57017014505925
16155,311.92823685459126
16156,289.22159558419406
16157,286.15731397620533
16158,285.80382549631827
16159,89.33839953641154
16160,105.02675433898975
16161,89.34422681693687
16162,111.33523447809961
16163,113.96922269954285
16164,103.9849650069219
16165,113.0028920967909
16166,116.87574788490588
16167,132.836502713278
16168,166.44005290251238
16169,200.37668382156176
16170,240.03788021826264
16171,274.0636142435273
16172,296.5945711669645
16173,353.62414590171795
16174,333.41588730097453
16175,327.3855738505618
16176,327.57996148628223
16177,328.9709083505778
16178,309.6401239414558
16179,296.37006180382
16180,297.16967202177915
16181,291.80890516352423
16182,299.05761781291443
16183,109.44834595603709
16184,105.40857222738124
16185,111.66034789719804
16186,118.90906054658824
16187,124.66736908270313
16188,105.50056348822811
16189,116.23355421004045
16190,124.85881759252975
16191,150.86137413590197
16192,150.85280528523086
16193,188.35948314552775
16194,213.7480507002422
16195,246.1909432686263
16196,279.6489931950592
16197,274.29145081723533
16198,268.93068395898047
16199,273.1952541444302
16200,284.42504623733424
16201,263.49210226640014
16202,278.89173171376126
16203,269.2387494084426
16204,280.8203124375102
16205,288.02839015428674
16206,293.8551764403774
16207,137.37652121072665
16208,123.4392521065609
16209,93.5114626487498
16210,101.01087229165746
16211,124.67324493108389
16212,113.47072497761143
16213,123.43047244909171
16214,116.8212320646599
16215,124.0699447140501
16216,143.93690327750448
16217,155.20472373210814
16218,185.08917083633432
16219,213.38700514655756
16220,233.14220826147516
16221,276.1238136729101
16222,295.37344901031673
16223,297.76133285418575
16224,269.1134321002544
16225,277.13442221054993
16226,278.7714734524198
16227,281.1593572962887
16228,288.4080699456789
16229,269.9092943914383
16230,276.16107006125515
16231,113.43697901567833
16232,106.33177681324084
16233,113.58048946263105
16234,113.16183741973863
16235,111.06068911523789
16236,118.30940176462806
16237,133.91103838833578
16238,140.8876091853022
16239,176.78431038741286
16240,198.61159740729883
16241,221.53970089710003
16242,221.7905954463655
16243,233.74313562991802
16244,256.1158040811077
16245,262.64305584073816
16246,271.6101663594615
16247,269.48188285365507
16248,266.55195017470385
16249,266.05534635936016
16250,270.1311586338667
16251,278.1521487441622
16252,278.8998446645195
16253,272.8695312141067
16254,249.94714524787193
16255,97.75108553945522
16256,101.98628401266559
16257,99.5477205357769
16258,110.80688434092033
16259,129.58685350854097
16260,148.17596683357903
16261,149.66656850260233
16262,154.9247414302356
16263,169.92210478174962
16264,184.2728829519355
16265,184.32958742122855
16266,201.61915247557383
16267,214.28533645251196
16268,243.13647904737206
16269,252.3757314185192
16270,252.87273034535903
16271,251.4657979723534
16272,259.71144760131705
16273,265.9632232711338
16274,259.6088536706954
16275,274.4127345582934
16276,263.07182382233714
16277,269.0729024986364
16278,284.76125730121464
16279,112.10378575178467
16280,115.70424151410573
16281,113.74103454940254
16282,128.43245237240728
16283,137.94718083336807
16284,144.69909211166652
16285,158.6995184836071
16286,165.17595367209188
16287,186.27844556482813
16288,209.43525042674372
16289,216.40848698632027
16290,257.731425922398
16291,271.8315070990664
16292,289.3717691469292
16293,298.7001246242917
16294,301.8786547239526
16295,319.16916908834287
16296,283.825803352036
16297,273.40458543925826
16298,299.32016563038985
16299,304.30286246820947
16300,302.89603985216274
16301,297.2845760003905
16302,303.5396859075971
16303,135.3453992117099
16304,117.14590071119882
16305,115.954971207401
16306,123.20368385679117
16307,113.91375185262432
16308,123.40703545467879
16309,129.4081141309781
16310,135.65988980079487
16311,160.44418408331555
16312,214.10017712717973
16313,232.24566175728123
16314,257.16441472579834
16315,273.344138730439
16316,291.7922346516599
16317,297.05040757929305
16318,312.8471835930182
16319,304.32952904975673
16320,304.7268731718687
16321,285.0067592927569
16322,281.8555013325276
16323,261.87199195699174
16324,279.94803304769084
16325,287.19674569708104
16326,267.6630048015674
16327,92.14396963374631
16328,102.43726375710945
16329,86.53341095377843
16330,95.32289484490329
16331,100.32703654162921
16332,109.27315164413253
16333,114.25918271934202
16334,122.50149811091578
16335,146.72914987140973
16336,167.25688862060287
16337,184.3522635949758
16338,220.55168584516468
16339,232.66122730007615
16340,241.40367830013153
16341,247.6554539699483
16342,272.75017663996243
16343,257.86066382166484
16344,251.00615861274485
16345,251.2132447513718
16346,256.47141767900507
16347,263.72013032839527
16348,270.6933668879718
16349,272.6529271107247
16350,287.45680799832274
16351,122.8163464126578
16352,124.77590663541076
16353,129.75860347323038
16354,139.27333193419113
16355,146.52204458358133
16356,153.77075723297153
16357,158.75345407079112
16358,167.4959050708465
16359,174.7446177202367
16360,180.49959201896172
16361,187.7483046683519
16362,209.59381206671313
16363,229.45200422374842
16364,264.1965725174394
16365,271.44528516682965
16366,276.7034580944628
16367,274.33016793753836
16368,274.2991884385343
16369,278.6990568630665
16370,286.9447064920301
16371,281.5839396337753
16372,301.3424769860827
16373,276.70573500396097
16374,283.95444765335117
16375,107.87004449813026
16376,125.73769693340856
16377,105.46034267317252
16378,126.50632765236374
16379,141.91920636512828
16380,147.17737929276151
16381,146.98338676853712
16382,146.99305834676073
16383,165.77302751438134
16384,174.61332797665182
16385,202.98937223269655
16386,213.3895403980641
16387,217.65077634612393
16388,244.9516736767738
16389,255.6846643985861
16390,272.8365462865041
16391,258.0727457982031
16392,247.77805971808868
16393,260.9790734278181
16394,256.80066722269
16395,250.74890891337088
16396,266.88703219597136
16397,274.13574484536156
16398,255.02961995490756
16399,94.17888101352166
16400,96.81286923496491
16401,80.9956248535455
16402,88.2443375029357
16403,95.49305015232589
16404,102.74176280171606
16405,112.73184777486232
16406,115.14117647763756
16407,132.0676912308311
16408,162.74541121218272
16409,203.59747649505925
16410,247.26996360059945
16411,279.4102448778642
16412,297.7834650906534
16413,312.2504815683604
16414,310.95446509080557
16415,319.91798319876887
16416,306.6479210611331
16417,320.12133479665647
16418,312.21433500466287
16419,273.1578069916518
16420,303.58845680600257
16421,307.66426908050914
16422,289.8184566156332
16423,93.6565414334166
16424,92.89296976130818
16425,70.32401165733836
16426,78.06952567782034
16427,69.77319641583698
16428,92.56695097660071
16429,113.09468972579387
16430,99.95897651719554
16431,112.04707311320072
16432,155.99419675546847
16433,191.53203792628494
16434,243.0900193472902
16435,262.3396546846968
16436,281.17946500325246
16437,296.66486331943906
16438,303.91357596882926
16439,299.54974609014783
16440,298.5832179316478
16441,282.6282903838011
16442,224.4751520700142
16443,235.30267806707116
16444,259.1799780293199
16445,261.84000372561263
16446,249.03653169374314
16447,109.15599433825527
16448,89.12571024502013
16449,101.66260953162094
16450,117.60166132771661
16451,108.55783370112405
16452,108.69248994286845
16453,115.94120259225865
16454,123.18991524164882
16455,116.80074175994186
16456,154.50160970021122
16457,201.9114567990359
16458,249.77981873388262
16459,288.9744250248172
16460,302.0594586003957
16461,321.38730388362393
16462,315.35699043321114
16463,312.34186847026666
16464,322.46963660984034
16465,313.4304015991909
16466,321.0901467508474
16467,341.26824131785173
16468,343.86086694020554
16469,378.86028953850825
16470,370.32119013634053
16471,199.88233248778903
16472,170.3839443271308
16473,181.81669290642645
16474,170.7899942380398
16475,169.66756253463717
16476,176.1948142942676
16477,172.02517449555853
16478,185.40308716641073
16479,188.80627678473962
16480,200.6219733549509
16481,201.0885028430951
16482,221.50000328476716
16483,249.23906831898898
16484,263.66154658993025
16485,277.213751650991
16486,274.5378502029472
16487,269.81490211960136
16488,265.1699058087068
16489,277.48240375000984
16490,278.42428975033954
16491,273.50715158702127
16492,281.0280060888352
16493,290.2672584599823
16494,295.5254313876155
16495,113.34140067611449
16496,126.92297744941463
16497,133.14871564438198
16498,144.68794815528219
16499,151.93666080467239
16500,144.57128758624182
16501,153.06763420872292
16502,153.5646331355627
16503,160.55931455404556
16504,175.46995972668913
16505,189.00142754490003
16506,209.88188654030176
16507,217.13059918969196
16508,222.38877211732517
16509,240.63391155215447
16510,253.17177662818187
16511,264.49067182730136
16512,261.51215908813816
16513,258.8577024990006
16514,275.43134858957427
16515,245.77003711023514
16516,278.11327487389144
16517,260.2674624090154
16518,247.21329338362858
16519,82.8235287914811
16520,85.23285749425631
16521,92.48157014364651
16522,99.73028279303671
16523,111.81837938904187
16524,114.80594388916134
16525,126.31580468782224
16526,145.17705986528404
16527,152.42577251467424
16528,184.29391193951528
16529,213.33047820792865
16530,270.1874561380272
16531,279.18298905894494
16532,286.43170170833514
16533,290.19613628530317
16534,300.43232563602373
16535,317.9940325427928
16536,317.00605952538655
16537,278.30948927012594
16538,276.6565622765049
16539,290.6569886484456
16540,297.9057012978358
16541,280.0598888329597
16542,273.8044664211927
16543,107.84220168076811
16544,109.82960472088322
16545,114.837080654999
16546,119.03787759302637
16547,98.37274103194302
16548,111.90754308754386
16549,120.40388971002493
16550,121.36651295320446
16551,134.47299138768932
16552,149.25209317899117
16553,149.96401942865322
16554,139.21081851251677
16555,144.6076239166224
16556,150.61329520886488
16557,158.10811223582937
16558,193.74996270436597
16559,200.99867535375617
16560,211.23486470447673
16561,199.70983577012112
16562,224.96922839145714
16563,223.34122891054352
16564,214.10780381992174
16565,223.8732292744
16566,230.41814221286057
16567,75.0802494273533
16568,84.59497788831405
16569,91.84369053770428
16570,107.53204534028248
16571,113.78382101009925
16572,122.28016763258032
16573,137.71782544164103
16574,159.1609569871962
16575,156.57596398788044
16576,190.53863238177922
16577,211.2256089132649
16578,228.81778525872954
16579,246.93723241398158
16580,254.21198253822124
16581,269.9220403730759
16582,291.6711174471403
16583,301.49294005820474
16584,299.7835061510387
16585,300.5353758618719
16586,301.9988423295895
16587,311.4887916942541
16588,306.5716535309359
16589,295.5937930961314
16590,295.1805732222682
16591,109.88189434794431
16592,102.02596930046657
16593,109.52537894337424
16594,97.1058920112545
16595,117.99249079174186
16596,130.08058738774702
16597,140.92955824371026
16598,136.72511456373263
16599,171.87891001717725
16600,180.1160514130919
16601,255.2668927443651
16602,255.46128038008553
16603,286.55365969022
16604,266.8854601087101
16605,272.8650939261031
16606,286.4466706994033
16607,289.5255459943364
16608,274.06198764855213
16609,269.1415152478439
16610,278.6347988498984
16611,253.2432921692902
16612,253.82157710597124
16613,281.37317143013854
16614,91.59437523027535
16615,94.75453653504971
16616,97.07392257852345
16617,104.32263522791365
16618,106.71051907178261
16619,100.68020562136985
16620,97.80134768693443
16621,120.01701486676517
16622,121.72587809600064
16623,144.30459557698325
16624,181.19335235213492
16625,218.14672192779506
16626,247.16184333730212
16627,274.8737731702182
16628,280.1319460978515
16629,295.5958995551318
16630,295.84834127353986
16631,277.0740896294856
16632,255.63498002194308
16633,254.89381899816757
16634,262.1425316475578
16635,249.08836262217085
16636,256.58777226507846
16637,258.296635494314
16638,80.22374076789336
16639,87.47245341728353
16640,89.4320136400365
16641,94.6608148554304
16642,108.96789437193664
16643,97.99003393713218
16644,103.46953214604358
16645,105.42909236879652
16646,112.67780501818672
16647,115.38123677903235
16648,134.4965231874015
16649,177.8957707140617
16650,176.20803983917213
16651,197.00792044078904
16652,217.55710404888848
16653,249.6973853261532
16654,245.3335554474718
16655,226.24887541592406
16656,233.25148368773998
16657,227.22117023732721
16658,239.75903531335467
16659,226.73019614676076
16660,233.97890879615096
16661,256.21602083488796
16662,66.72696811619971
16663,73.97568076558989
16664,81.47509040849755
16665,68.89601972192597
16666,76.14473237131617
16667,83.39344502070634
16668,80.52324373573117
16669,87.77195638512137
16670,104.88888597535944
16671,112.96653141561137
16672,139.4647916036191
16673,160.67892918793325
16674,172.7670257839384
16675,225.2335486943582
16676,258.3674327138065
16677,253.1954237664948
16678,254.16138124706418
16679,234.21351530588305
16680,260.2191643926566
16681,243.87252244747512
16682,255.96061904348022
16683,277.5067396311531
16684,283.7585153009698
16685,275.7162172698939
16686,112.07269266380231
16687,118.77423681364138
16688,140.2989125424079
16689,115.49331033910684
16690,107.77506845805647
16691,109.91225530840796
16692,122.27249375683684
16693,119.3712251740686
16694,136.76991905561724
16695,166.83389174229964
16696,202.15250556347726
16697,219.10143096500366
16698,252.23864922184194
16699,291.816203503692
16700,318.9761931874835
16701,321.16112054496085
16702,337.9514993008695
16703,294.9313149002239
16704,288.3827552198131
16705,295.6314678692033
16706,269.7119827627513
16707,275.43924227533836
16708,274.8429836552668
16709,282.091696304657
16710,106.49866235149858
16711,123.8749455847144
16712,120.49928627918717
16713,120.79779509923816
16714,128.04650774862833
16715,138.82962390491141
16716,118.23826889684122
16717,158.23325363941348
16718,166.05057964726106
16719,191.56485953197213
16720,201.79771464530282
16721,222.3468982534022
16722,254.48717953066702
16723,267.0656795393081
16724,299.5085721076922
16725,337.401354957548
16726,333.10118856932996
16727,306.9190356329298
16728,302.5552057542484
16729,298.21282073447315
16730,311.76347862639153
16731,320.0057940179653
16732,328.74824501802067
16733,328.2012740742175
16734,182.07555907617382
16735,202.43055260430083
16736,169.3882647342033
16737,180.50086920954135
16738,209.7935137453633
16739,218.31912232312476
16740,220.38613796759807
16741,213.03483138758634
16742,221.9244395765446
16743,238.99811151864105
16744,257.4764187051873
16745,272.59072798027876
16746,284.9032259215818
16747,296.9913225175869
16748,329.56951332505355
16749,329.85300406698934
16750,332.24088791085836
16751,331.2743597523584
16752,339.1370613904064
16753,320.1946571412292
16754,300.68072422893994
16755,308.92303962051363
16756,312.02669401174296
16757,307.66286413306153
16758,130.70083836980797
16759,137.9495510191981
16760,130.34754744566882
16761,131.2034064038029
16762,138.67677857186106
16763,145.4286898501595
16764,153.17420387064146
16765,167.17463024258205
16766,174.42334289197225
16767,188.11239156637436
16768,188.60939049321414
16769,209.71521662334024
16770,237.90140524198557
16771,253.36535869926593
16772,255.29958906322585
16773,272.7236128035676
16774,274.908540161045
16775,272.4787430905754
16776,270.35937440759943
16777,248.4433793929941
16778,245.81758690003943
16779,250.8002837378591
16780,255.89544364027194
16781,263.14415628966213
16782,90.50812959913847
16783,88.95404003722996
16784,105.5493891600801
16785,92.98325509936583
16786,115.9027219901262
16787,107.73471162905358
16788,128.70274483579342
16789,120.53473447472078
16790,149.0546016822786
16791,147.42337772093407
16792,168.96949830860692
16793,177.21181370018064
16794,197.7395524493738
16795,216.29819633571628
16796,216.10420381149186
16797,223.35291646088206
16798,226.4542024041481
16799,252.15234231388828
16800,254.44569088251262
16801,249.7704833062927
16802,255.21432160146776
16803,230.9584008562869
16804,237.71031213458528
16805,244.95902478397548
16806,78.66855963097481
16807,84.16950269879246
16808,91.41821534818266
16809,100.91149895023716
16810,107.93555208095935
16811,115.40892424901756
16812,122.65763689840776
16813,117.59404916224295
16814,143.06933489582784
16815,147.33057084388767
16816,175.73349212786798
16817,181.98860203507465
16818,193.21839412797874
16819,198.47656705561198
16820,209.70635914851604
16821,231.54217088083254
16822,238.79088353022274
16823,226.90280429471528
16824,238.0187430074432
16825,241.78317758441128
16826,212.09945545673924
16827,219.34816810612944
16828,245.04811335838227
16829,253.67337674087162
16830,95.7168002341165
16831,101.97191014132315
16832,109.22062279071335
16833,116.46933544010355
16834,111.90254907503052
16835,130.96676073888392
16836,121.11082194717369
16837,144.15611305454098
16838,149.4142859821742
16839,164.9362935221421
16840,173.18194315110574
16841,180.9274571715877
16842,196.6158119741659
16843,190.06725229375508
16844,194.32848824181488
16845,173.82969894334175
16846,181.07841159273195
16847,187.33018726254875
16848,196.3266694935115
16849,209.98645621263316
16850,199.0085957778287
16851,212.04326222494785
16852,225.818321462164
16853,220.75473372599924
16854,56.114272140334265
16855,68.92427906878544
16856,94.62422432103835
16857,101.87293697042855
16858,109.12164961981875
16859,116.37036226920893
16860,125.60961464035603
16861,135.84246975368671
16862,142.66382457138752
16863,148.9189344785942
16864,171.15604651733122
16865,177.95499068669918
16866,170.23674880564877
16867,177.48546145503897
16868,214.6904938136432
16869,231.7641657557396
16870,235.3344102527352
16871,253.84292870460692
16872,246.10324196465024
16873,291.7693613353487
16874,264.8928827104945
16875,254.73433262766488
16876,292.9353361764159
16877,286.63902065866506
16878,136.13102131791558
16879,153.8885952811779
16880,155.46733426699
16881,119.59624827820952
16882,127.29472940762201
16883,135.92805158047403
16884,147.46897967692806
16885,172.42756634965733
16886,178.8456892820844
16887,194.3710310594422
16888,214.4799202099949
16889,224.18479689748182
16890,231.18281255335455
16891,253.8649214225404
16892,261.11363407193056
16893,268.3623467213207
16894,275.6110593707109
16895,258.7881316537183
16896,266.0368443031086
16897,273.28555695249867
16898,280.53426960188887
16899,290.04566382545977
16900,285.12852566214156
16901,299.1289520340822
16902,134.91112263784015
16903,120.86001663287985
16904,134.5578317137011
16905,132.45668340920037
16906,141.72530749258684
16907,145.70647473488987
16908,146.39695612564566
16909,154.914747607033
16910,152.73021536105165
16911,173.83270725378793
16912,195.35738298255447
16913,218.01334461993193
16914,244.2089935168203
16915,251.4577061662105
16916,251.9547050930503
16917,259.4495221200148
16918,264.43221895783444
16919,254.75390679372273
16920,268.75433316566335
16921,259.3481628539753
16922,280.62828137431006
16923,281.5909046174897
16924,287.84601452469633
16925,283.4821846460149
16926,124.76843499923243
16927,130.7695136755317
16928,125.40874681727686
16929,133.65439644624044
16930,141.17525094805444
16931,147.43036085526106
16932,159.69274984147486
16933,154.35676207951616
16934,160.60853774933295
16935,196.28960401256492
16936,226.05096540812798
16937,242.2273551753787
16938,257.69130863265906
16939,276.3366706978721
16940,282.5917806050787
16941,288.8435562748955
16942,285.05781377714703
16943,282.38191232910316
16944,289.63062497849336
16945,285.7070895573586
16946,293.97877666117165
16947,291.32432007203414
16948,273.20636575473446
16949,280.70577539764207
16950,98.53768856010518
16951,97.34675905630738
16952,104.84616869921504
16953,104.24198322581046
16954,100.86632392028326
16955,118.73940852459086
16956,94.4610771310771
16957,124.91342997770431
16958,139.98874510166962
16959,145.04088547889162
16960,149.01339607173443
16961,197.80856031007735
16962,243.33603072492187
16963,251.58168035388547
16964,285.84696003890355
16965,285.35035622355986
16966,276.9163437951491
16967,261.9096634097049
16968,291.5894806220565
16969,283.93107989194107
16970,274.3059404039845
16971,250.82158950365263
16972,251.24037848467083
16973,261.23046345781717
16974,108.49116625704315
16975,81.93260399712884
16976,94.72116606667373
16977,91.84134234281174
16978,85.94897023219653
16979,121.30572217203269
16980,123.71505087480793
16981,127.45344797692653
16982,142.8011631266858
16983,152.5762110200509
16984,200.00750297778185
16985,212.86787703469244
16986,251.62218886808023
16987,257.5906713517092
16988,273.46778406523066
16989,285.14484815896947
16990,286.96827238443757
16991,297.20446173515813
16992,284.0983784121693
16993,272.2612641642188
16994,284.6510062619167
16995,286.7586894629992
16996,295.9979418341463
16997,295.9669623351423
16998,123.7369174333146
16999,97.45075519919422
17000,90.92460616711628
17001,98.39464409778464
17002,105.67272845941415
17003,112.92144110880434
17004,120.17015375819454
17005,127.16816941406728
17006,137.50849642849988
17007,144.75720907789005
17008,152.00592172728025
17009,159.25463437667045
17010,188.27070509622254
17011,205.64698832943833
17012,210.9051612570715
17013,207.0327005804526
17014,214.28141322984277
17015,221.53012587923297
17016,223.4896861019859
17017,212.40591741460364
17018,239.79198575498145
17019,223.63410172074308
17020,265.61866039564563
17021,236.11161558552712
17022,88.45801996429904
17023,99.19101068611138
17024,91.13994624861621
17025,95.23720338202904
17026,85.3812645903188
17027,124.70158321125001
17028,114.96342989620334
17029,122.21214254559354
17030,149.93199923184272
17031,158.55726261433205
17032,163.93262315953135
17033,176.04216461444278
17034,180.30340056250262
17035,192.02999402649849
17036,197.78830256261338
17037,205.2009940266505
17038,200.65255997708252
17039,213.19042505310998
17040,214.9676541457109
17041,238.67372543881697
17042,239.7759469478955
17043,243.04358015377179
17044,250.29229280316187
17045,255.23932972724523
17046,96.93637088874053
17047,104.18508353813073
17048,124.54884347267685
17049,131.22894276360964
17050,147.6116232546419
17051,134.2331399058592
17052,122.50444686905556
17053,128.75622253887235
17054,141.1763021382362
17055,168.08881930894123
17056,201.91702901684354
17057,246.97483326190203
17058,269.9577702597653
17059,303.74867927244395
17060,298.3323548106891
17061,312.1352568652673
17062,318.6147681177718
17063,305.5388960601084
17064,305.63362889110107
17065,314.8728812622482
17066,296.2918703881215
17067,305.80659884908226
17068,302.41705360765275
17069,315.91286151212745
17070,117.50456752167682
17071,120.98904314984696
17072,123.37692699371593
17073,107.13775694963635
17074,106.28746709865746
17075,123.40439668889553
17076,122.55410683791666
17077,136.13260754719713
17078,117.29319234013764
17079,154.49725890931524
17080,183.12400015887744
17081,244.02069120000962
17082,253.25994357115675
17083,269.112277188382
17084,276.36098983777214
17085,286.5971791884927
17086,296.33323293073164
17087,299.73949861308034
17088,301.1304454773758
17089,309.3760951063394
17090,287.9973147518704
17091,280.39531117834116
17092,289.66393526172766
17093,285.10258106568386
17094,128.07675984953903
17095,125.66756808488967
17096,132.91628073427984
17097,123.01260143544371
17098,130.2613140848339
17099,138.0068281053159
17100,153.44907853031975
17101,152.25814902652195
17102,159.50686167591215
17103,166.75557432530235
17104,182.35721094901007
17105,210.62567354699397
17106,230.73456269754666
17107,232.22516436657003
17108,246.22559073851062
17109,241.8617608598292
17110,253.84561003516336
17111,241.16783028287117
17112,239.97690077907333
17113,240.68882702873543
17114,239.75192875584497
17115,247.00064140523517
17116,236.67574405979528
17117,276.90721074105505
17118,81.38980147178987
17119,96.48681962803167
17120,98.44734564021124
17121,105.69605828960141
17122,123.30182715723467
17123,114.76272775506689
17124,156.31872468590274
17125,155.52384402201264
17126,162.50041481897907
17127,192.46223801662987
17128,210.3393644743837
17129,210.80518634647146
17130,221.12714456601753
17131,230.36639693716467
17132,238.61204656612827
17133,233.94560539632747
17134,244.2675636158735
17135,209.88310649744048
17136,216.13488216725727
17137,255.33896248066742
17138,271.08382419679066
17139,272.470178445143
17140,270.67402635910645
17141,280.6641113322527
17142,117.82855253943484
17143,120.59938437421934
17144,130.33543811645828
17145,128.34509595044935
17146,136.88892490668616
17147,145.10520282341042
17148,159.105629195351
17149,166.35434184474119
17150,176.8118564767399
17151,173.10645067878764
17152,178.36462360642088
17153,206.52144051282693
17154,233.763704175957
17155,242.14619741826186
17156,249.8917114387438
17157,262.9256702698066
17158,253.9677212689984
17159,248.02317668741114
17160,244.3243007849444
17161,239.73581138759496
17162,247.01389574922447
17163,245.0809000498467
17164,252.32961269923683
17165,259.8504672010507
17166,92.08008273535347
17167,99.60093723716739
17168,94.2435046163024
17169,100.4952802861192
17170,114.4957066580598
17171,120.27223557264998
17172,92.36735032434359
17173,99.61606297373379
17174,90.82293234065867
17175,132.75014454893014
17176,136.14456776083992
17177,165.24963182964845
17178,207.17684403791995
17179,225.32566290541132
17180,250.1663543445181
17181,253.37425615641837
17182,262.6135085275655
17183,239.70391077077673
17184,247.84990559501256
17185,261.1853779907384
17186,219.91152398332758
17187,213.8812105329149
17188,234.9956933125012
17189,245.2579201380712
17190,60.56527387114665
17191,67.81398652053684
17192,60.09574463948644
17193,67.34445728887664
17194,63.28332650010367
17195,89.09059523704721
17196,106.46687847026303
17197,118.55497506626818
17198,129.113563640913
17199,144.2151744130979
17200,155.6423810664054
17201,178.4926425407142
17202,125.81240692163493
17203,122.93354898719954
17204,127.66554883150164
17205,134.91426148089184
17206,133.28303751954732
17207,141.80082900093467
17208,152.07267826539152
17209,154.03223848814446
17210,163.0501655780135
17211,179.09834620131244
17212,181.05790642406538
17213,-9.902540299810909
17214,16.85144670465796
17215,24.100159354048145
17216,34.50903330821268
17217,25.02157698668354
17218,32.27028963607371
17219,40.51593926503732
17220,67.01419945304505
17221,67.76511985383331
17222,106.62856051442444
17223,128.59353070073774
17224,138.9936988661053
17225,220.7507536571274
17226,228.89341424397335
17227,213.29988007117691
17228,215.25944029392988
17229,200.9924411767207
17230,193.04979795037252
17231,199.3049078575791
17232,208.54416022872624
17233,209.65394066080873
17234,210.7075821096753
17235,221.28107687582485
17236,77.80028131376392
17237,75.20555611860237
17238,82.4542687679926
17239,78.39305018043049
17240,87.77945974048058
17241,90.48985256523261
17242,95.74802549286588
17243,64.39807796683269
17244,71.64679061622289
17245,78.89550326561309
17246,85.14727893542985
17247,94.63263568415127
17248,103.81454158866728
17249,111.06325423805748
17250,108.93189466823131
17251,136.25449503115763
17252,143.50320768054783
17253,140.62434974611242
17254,153.98152517411475
17255,175.97253283527746
17256,179.9235985692139
17257,195.98377007936315
17258,171.75638719402463
17259,192.25365650452224
17260,26.788193135189374
17261,20.788349123472187
17262,43.45378478332523
17263,49.73493216538134
17264,57.20830433343957
17265,91.02428503154101
17266,107.92297524163772
17267,112.71371851041852
17268,134.48116437936952
17269,151.3877814427993
17270,171.2459735998345
17271,173.95636642458658
17272,206.90553438653802
17273,214.15424703592822
17274,190.0908429652368
17275,194.85221452177828
17276,209.87561534814174
17277,217.12432799753194
17278,205.033292275633
17279,215.30847577747966
17280,225.0739012319579
17281,226.77943022380356
17282,231.765461299013
17283,241.27685552258396
17284,76.06542338415844
17285,86.35871750752156
17286,95.59796987866869
17287,97.81156133232898
17288,106.32935281371638
17289,113.0812640920148
17290,113.97721492773124
17291,120.50446668736163
17292,133.05818759970657
17293,138.7871244235821
17294,159.88961631631838
17295,180.99544244644449
17296,198.4194661867862
17297,205.6681788361764
17298,212.91689148556657
17299,218.9473418741052
17300,232.7034692109842
17301,203.58575387085554
17302,210.83446652024574
17303,203.10675061671984
17304,213.86911305077143
17305,210.4121677354031
17306,219.43009482527202
17307,235.11844962785023
17308,54.14124706657707
17309,55.93779426410963
17310,68.63867236535748
17311,67.44774286155965
17312,77.68393221228021
17313,84.93264486167038
17314,102.71901128710749
17315,110.96132667868122
17316,95.16494577645213
17317,102.41365842584233
17318,108.85109946320094
17319,89.55063607636328
17320,81.99637300995991
17321,89.24508565935011
17322,129.91591753853092
17323,134.17715348659075
17324,175.2580685579929
17325,172.55264698129844
17326,201.1792784739018
17327,220.32073429415013
17328,245.96178770551302
17329,249.61875038137916
17330,247.52093631426825
17331,239.34213256069464
17332,73.82661257280384
17333,89.78820695426202
17334,95.79721248389438
17335,104.28563225304242
17336,111.56371661467193
17337,128.3054055534097
17338,124.68448142339432
17339,131.71826674996223
17340,145.96479749947713
17341,153.96434275086645
17342,187.84989892540003
17343,192.8834123343652
17344,215.64779518288964
17345,233.48285142549764
17346,237.50131723337302
17347,232.05690826026733
17348,239.0301448198439
17349,233.39154576676586
17350,224.42955491251138
17351,238.81495056076025
17352,235.30990037897467
17353,231.96904495471614
17354,230.22147292889156
17355,245.21883628040558
17356,67.96889518709554
17357,75.21760783648574
17358,69.88162007452706
17359,78.37796669700813
17360,63.908011093407396
17361,80.92210005793905
17362,90.4368285188998
17363,99.92677788356443
17364,90.63684587939758
17365,116.24045051389317
17366,117.64433400404596
17367,146.93577105645278
17368,162.5374076801605
17369,197.1466612553874
17370,209.53736914251195
17371,217.05822364432586
17372,213.13468822319115
17373,223.40024928615102
17374,228.8797474950624
17375,213.63208226152693
17376,220.88079491091716
17377,233.41865998694462
17378,249.66032307415955
17379,241.71767984781135
